<?xml version="1.0" encoding="UTF-8"?>
<project-private xmlns="http://www.netbeans.org/ns/project-private/1">
    <editor-bookmarks xmlns="http://www.netbeans.org/ns/editor-bookmarks/2" lastBookmarkId="0"/>
    <open-files xmlns="http://www.netbeans.org/ns/projectui-open-files/1">
        <file>file:/F:/multi_level/php/application/config/config.php</file>
        <file>file:/F:/multi_level/php/application/controllers/register.php</file>
        <file>file:/F:/multi_level/php/application/controllers/home.php</file>
        <file>file:/F:/multi_level/php/application/controllers/authentication.php</file>
    </open-files>
</project-private>
